PITCHER_NAME,PITCHER,HANDEDNESS,CAN_PITCH,IS_STARTER,FIRST_GAME_ALLOWED,LAST_GAME_ALLOWED,INIT_REST,REST_VALUE,MIN_REST,MAX_REST,END_INNING_MAX_BATTERS_FACED,LOWER_MAX_BATTERS_FACED,UPPER_MAX_BATTERS_FACED,MIN_INNING,RESTED_DISTRIBUTION,USED_DISTRIBUTION
Jacob Misiorowski,694819,R,1,1,1,1,1,1,0,1,21,18,24,0,"[0,1]","[0,1]"
Cristopher Sánchez,650911,L,1,2,2,2,1,1,0,1,21,18,24,0,"[0,1]","[0,1]"
Chris Sale,519242,L,1,3,3,3,1,1,0,1,21,18,24,0,"[0,1]","[0,1]"
Braxton Ashcraft,677952,R,1,4,4,4,1,1,0,1,21,18,24,0,"[0,1]","[0,1]"
Eduardo Rodriguez,593958,L,1,5,5,5,1,1,0,1,21,18,24,0,"[0,1]","[0,1]"
Chase Burns,695505,R,1,0,1,5,1,0,0,1,0,0,0,0,"[0.1,0.9]","[0,1]"
Chase Burns,695505,R,1,0,1,5,1,1,0,1,4,5,8,5,"[0,1]","[0.3,0.7]"
Jesús Luzardo,666200,L,1,0,1,5,1,0,0,1,0,0,0,0,"[0.1,0.9]","[0,1]"
Jesús Luzardo,666200,L,1,0,1,5,1,1,0,1,4,5,8,5,"[0,1]","[0.3,0.7]"
Jhoan Duran,661395,R,1,0,1,5,1,0,0,1,0,0,0,0,"[0.1,0.9]","[0,1]"
Jhoan Duran,661395,R,1,0,1,5,1,1,0,1,4,5,8,5,"[0,1]","[0.3,0.7]"
Mason Miller,695243,R,1,0,1,5,1,0,0,1,0,0,0,0,"[0.1,0.9]","[0,1]"
Mason Miller,695243,R,1,0,1,5,1,1,0,1,4,5,8,5,"[0,1]","[0.3,0.7]"
Raisel Iglesias,628452,R,1,0,1,5,1,0,0,1,0,0,0,0,"[0.1,0.9]","[0,1]"
Raisel Iglesias,628452,R,1,0,1,5,1,1,0,1,4,5,8,5,"[0,1]","[0.3,0.7]"
Yoshinobu Yamamoto,808967,R,1,0,1,5,1,0,0,1,0,0,0,0,"[0.1,0.9]","[0,1]"
Yoshinobu Yamamoto,808967,R,1,0,1,5,1,1,0,1,4,5,8,5,"[0,1]","[0.3,0.7]"
