BATTER_NAME,BATTER,HANDEDNESS,CAN_PLAY,MUST_STAY_IN,BATTING_ORDER_1,BATTING_ORDER_2,BATTING_ORDER_3,BATTING_ORDER_4,BATTING_ORDER_5,INIT_POSITION,DH,C,1B,2B,3B,SS,LF,CF,RF
Otto Lopez,672640,R,1,0,1,1,1,1,1,2B,1,0,0,1,0,0,0,0,0
Pete Crow-Armstrong,691718,L,1,0,2,2,2,2,2,CF,1,0,0,0,0,0,0,1,0
James Wood,695578,L,1,0,3,3,3,3,3,LF,1,0,0,0,0,0,1,0,0
Kyle Schwarber,656941,L,1,0,4,4,4,4,4,DH,1,0,0,0,0,0,0,0,0
Jordan Walker,691023,R,1,0,5,5,5,5,5,RF,1,0,0,0,0,0,0,0,1
Max Muncy,571970,L,1,0,6,6,6,6,6,3B,1,0,0,0,1,0,0,0,0
William Contreras,661388,R,1,0,7,7,7,7,7,C,1,1,0,0,0,0,0,0,0
CJ Abrams,682928,L,1,0,8,8,8,8,8,SS,1,0,0,0,0,1,0,0,0
Sal Stewart,701398,R,1,0,9,9,9,9,9,1B,1,0,1,0,0,0,0,0,0
Juan Soto,665742,L,1,0,0,0,0,0,0,NA,0,0,0,0,0,0,1,0,0
Andy Pages,681624,R,1,0,0,0,0,0,0,NA,0,0,0,0,0,0,0,0,1
